                  epoch,         train/box_loss,         train/cls_loss,         train/dfl_loss,   metrics/precision(B),      metrics/recall(B),       metrics/mAP50(B),    metrics/mAP50-95(B),           val/box_loss,           val/cls_loss,           val/dfl_loss,                 lr/pg0,                 lr/pg1,                 lr/pg2
                      1,                 1.6758,                 2.7823,                 1.5845,                0.59832,                 0.5256,                0.54329,                0.28162,                 1.3408,                   13.1,                 1.2022,             3.3908e-05,              3.324e-05,              3.324e-05
                      2,                 1.4518,                 1.4719,                 1.3663,                0.62335,                0.59732,                0.63753,                0.33173,                 1.2894,                 14.567,                 1.1488,             6.0551e-05,             6.0217e-05,             6.0217e-05
                      3,                  1.405,                 1.2711,                 1.3271,                0.67476,                0.62258,                0.67896,                0.37234,                 1.2546,                 5.9474,                 1.1191,             6.5391e-05,              6.539e-05,              6.539e-05
                      4,                  1.358,                 1.1594,                 1.2965,                0.72496,                0.64753,                0.71901,                0.39798,                 1.2261,                 3.3002,                 1.1018,              3.455e-05,              3.455e-05,              3.455e-05
                      5,                 1.3177,                 1.0844,                 1.2687,                0.72523,                0.67364,                0.74219,                0.41802,                 1.2025,                 3.5679,                 1.0765,             9.5501e-06,             9.5501e-06,             9.5501e-06
