                  epoch,         train/box_loss,         train/cls_loss,         train/dfl_loss,   metrics/precision(B),      metrics/recall(B),       metrics/mAP50(B),    metrics/mAP50-95(B),           val/box_loss,           val/cls_loss,           val/dfl_loss,                 lr/pg0,                 lr/pg1,                 lr/pg2
                      1,                 1.4693,                  2.083,                 1.5037,                0.58267,                0.59018,                 0.5772,                0.29795,                 1.1451,                 6.5488,                 1.1027,             3.3969e-05,             3.3302e-05,             3.3302e-05
                      2,                 1.4117,                 1.3363,                 1.4321,                0.67138,                0.61866,                0.66226,                0.34177,                 1.1596,                 1.6654,                 1.0791,             6.0606e-05,             6.0273e-05,             6.0273e-05
                      3,                 1.3988,                 1.2223,                 1.4127,                0.68529,                0.64367,                0.68914,                0.37018,                 1.1212,                 2.7271,                  1.055,             6.5431e-05,             6.5431e-05,             6.5431e-05
                      4,                  1.333,                  1.092,                 1.3691,                0.72863,                0.66829,                0.73527,                0.41874,                 1.0696,                 1.9879,                 1.0208,              3.455e-05,              3.455e-05,              3.455e-05
                      5,                 1.2628,                 0.9721,                 1.3192,                0.76049,                0.70689,                0.77513,                0.44999,                 1.0244,                 1.5836,                0.98593,             9.5501e-06,             9.5501e-06,             9.5501e-06
