                  epoch,         train/box_loss,         train/cls_loss,         train/dfl_loss,   metrics/precision(B),      metrics/recall(B),       metrics/mAP50(B),    metrics/mAP50-95(B),           val/box_loss,           val/cls_loss,           val/dfl_loss,                 lr/pg0,                 lr/pg1,                 lr/pg2
                      1,                 1.6573,                 3.3112,                  1.596,                0.47807,                0.40711,                0.37922,                 0.1831,                 1.3864,                 52.533,                 1.2325,             3.3878e-05,              3.321e-05,              3.321e-05
                      2,                  1.499,                 2.2835,                 1.3981,                0.58226,                0.49817,                0.52878,                0.27379,                 1.3002,                 43.915,                 1.1532,             6.0524e-05,             6.0189e-05,             6.0189e-05
                      3,                 1.4522,                 1.9622,                 1.3528,                 0.6441,                0.54982,                0.60221,                0.31758,                 1.2698,                 27.276,                 1.1276,             6.5372e-05,              6.537e-05,              6.537e-05
                      4,                 1.4098,                 1.7762,                 1.3206,                0.67829,                0.56058,                0.63461,                0.34453,                 1.2465,                 29.124,                 1.1165,              3.455e-05,              3.455e-05,              3.455e-05
                      5,                 1.3891,                 1.6919,                 1.3037,                0.68049,                0.58867,                0.65199,                0.35646,                 1.2339,                 25.108,                 1.0991,             9.5501e-06,             9.5501e-06,             9.5501e-06
