                  epoch,         train/box_loss,         train/cls_loss,         train/dfl_loss,   metrics/precision(B),      metrics/recall(B),       metrics/mAP50(B),    metrics/mAP50-95(B),           val/box_loss,           val/cls_loss,           val/dfl_loss,                 lr/pg0,                 lr/pg1,                 lr/pg2
                      1,                 1.5119,                 2.2424,                 1.4927,                 0.6599,                0.57277,                0.62986,                0.33907,                 1.1174,                 3.6248,                 1.0438,             3.3969e-05,             3.3302e-05,             3.3302e-05
                      2,                 1.4053,                 1.3448,                 1.3829,                0.67712,                0.61078,                0.67316,                0.35944,                 1.1321,                 2.4314,                 1.0298,             6.0606e-05,             6.0273e-05,             6.0273e-05
                      3,                  1.379,                 1.2213,                 1.3624,                0.68578,                0.64292,                0.69765,                  0.379,                 1.1023,                 2.4591,                 1.0124,             6.5431e-05,             6.5431e-05,             6.5431e-05
                      4,                 1.3232,                 1.1043,                  1.323,                0.72341,                0.69527,                0.75099,                0.42808,                 1.0516,                 1.7996,                0.97756,              3.455e-05,              3.455e-05,              3.455e-05
                      5,                 1.2738,                 1.0036,                  1.283,                0.73448,                0.70172,                0.76053,                0.44297,                 1.0195,                 1.2983,                0.95322,             9.5501e-06,             9.5501e-06,             9.5501e-06
